<core:FragmentDefinition xmlns="sap.m" xmlns:core="sap.ui.core" xmlns:viz="sap.viz.ui5.controls" xmlns:viz.data="sap.viz.ui5.data"
	xmlns:viz.feeds="sap.viz.ui5.controls.common.feeds">
	<Dialog title="Water Graph under Comb Box" draggable="true" resizable="true" contentHeight="400px" contentWidth="1000px">
		<App>
			<pages>
				<Page title="Water Graph under ComboBox">
					<content>
						<viz:VizFrame id="idVizFrame" uiConfig="{applicationSet:'fiori'}" height='100%' width="100%" vizType='waterfall'>
							<viz:dataset>
								<viz.data:FlattenedDataset data="{water_graph>/}">
									<viz.data:dimensions>
										<viz.data:DimensionDefinition name="ProductID" value="{water_graph>ProductID}"/>
									</viz.data:dimensions>
									<viz.data:measures>
										<viz.data:MeasureDefinition name="Price" value="{water_graph>Price}"/>
									</viz.data:measures>
								</viz.data:FlattenedDataset>
							</viz:dataset>
							<viz:feeds>
								<viz.feeds:FeedItem id='valueAxisFeed' uid="valueAxis" type="Measure" values="Price"/>
								<viz.feeds:FeedItem id='categoryAxisFeed' uid="categoryAxis" type="Dimension" values="ProductID"/>
							</viz:feeds>
						</viz:VizFrame>
					</content>
				</Page>
			</pages>
		</App>
		<beginButton>
		<Button text="Close" press="_on_close_water_graph"/>
	</beginButton>
</Dialog>
</core:FragmentDefinition>